{"L": 32, "temps": [1.6, 1.7333333333333334, 1.8666666666666667, 2.0, 2.02, 2.0452631578947367, 2.0705263157894738, 2.0957894736842104, 2.1210526315789475, 2.146315789473684, 2.1715789473684213, 2.196842105263158, 2.2221052631578946, 2.2473684210526317, 2.2726315789473683, 2.2978947368421054, 2.323157894736842, 2.348421052631579, 2.373684210526316, 2.3989473684210525, 2.4242105263157896, 2.4494736842105262, 2.4747368421052633, 2.5, 2.6, 2.8000000000000003, 3.0, 3.2], "mean_M": [0.97969921875, 0.966404296875, 0.9458470052083333, 0.9119947916666666, 0.904388671875, 0.8978860677083333, 0.8820794270833333, 0.8708111979166666, 0.8598170572916667, 0.8394765625, 0.8246940104166667, 0.7864923234605087, 0.772309639084507, 0.737811246657754, 0.6512037489149306, 0.5864879392016188, 0.5204196529714186, 0.45155984268707483, 0.36553971354166664, 0.3168207908163265, 0.25740976667789756, 0.23134666982323232, 0.21409553466138814, 0.21680809985632185, 0.14827876776755852, 0.10982877604166667, 0.08404166666666667, 0.074486328125], "mean_M_err": [0.0001939910937029079, 0.00028352489440010753, 0.0005158080079322045, 0.0009387848269110939, 0.0015728423065162012, 0.0011289103507705288, 0.0016713069325970558, 0.0018671182961955855, 0.00216475810535079, 0.0027857485515640212, 0.00287037554768873, 0.004448310842591978, 0.00555324505055911, 0.007351779637636151, 0.02016823149727216, 0.02094934310114471, 0.032361002653193686, 0.0272362767320205, 0.029814315953344096, 0.019840222871766965, 0.020388138622771626, 0.012383596268682642, 0.015035010271501751, 0.01172108864520393, 0.00606782556510049, 0.0030344406017592863, 0.0020337381463325535, 0.0016116291497046602], "cv": [0.26094726291232634, 0.3585672244822485, 0.4871730105030293, 0.7276206940104166, 0.8175727661333582, 0.8064493950972489, 0.8979915461210904, 0.967603301868662, 1.0090509933757346, 1.10896447931414, 1.2038524604559628, 1.3564873197122422, 1.3821580524884458, 1.4788509011275328, 1.7986659191169847, 1.728330225124377, 1.9151786868734526, 1.7155881918371538, 1.562541947922112, 1.2893214165981055, 1.141888118532802, 1.0609666392015962, 0.9507506202402807, 0.9737685427858399, 0.6715050306629877, 0.5087945079985119, 0.3887806412037037, 0.3342649534437392], "cv_err": [0.008157972679802656, 0.010756294651194005, 0.01832020264777271, 0.02576728590030481, 0.036604509230288476, 0.03321545469418957, 0.037218127971075675, 0.041867284754099426, 0.059790362045924084, 0.05930774648263914, 0.05517656752218653, 0.05525412894082223, 0.06767298334004244, 0.06868838855868259, 0.14246386664593613, 0.10856448878534236, 0.12812577172366435, 0.103226302009469, 0.12156956915806601, 0.09592271263213242, 0.07306809433269384, 0.0639954656992668, 0.06294492457525815, 0.04120054875153034, 0.025193044741840646, 0.01532067858420776, 0.011724655670224644, 0.008837553660873255], "chi": [0.0423342220052092, 0.07792052058293235, 0.1472365511067559, 0.3479151527778299, 0.5576309644440433, 0.4458280864557411, 0.6761939223313147, 0.8102699477946466, 0.9734782449876513, 1.4411407690657205, 1.588690398497671, 2.8410008260135258, 3.290094098009345, 4.285461917933069, 13.244100406904048, 17.41308311485149, 18.861047346641595, 20.241999317239657, 20.195197071140143, 16.82349242628767, 13.378318890215866, 10.95584947542404, 10.603169673234547, 8.441994644976992, 4.438290521274125, 2.2959621761842746, 1.2935709282407404, 0.942964149169922], "chi_err": [0.0016980030863611947, 0.0030041531669554792, 0.00890646361632902, 0.02192507494946101, 0.07508341795218063, 0.02964525158259391, 0.07782942381627861, 0.07226828443188366, 0.13327020931242722, 0.17615249834960087, 0.16120117829837563, 0.25932891950075104, 0.4811355769211421, 0.5787280455132154, 2.79284886523415, 3.3822235069566755, 3.69031501729719, 2.0868818470160138, 1.8538562417136275, 1.265445549053006, 1.4449322473365027, 1.111000959569981, 1.138863641874727, 0.749715814275932, 0.3260216169581179, 0.11698563791826677, 0.07427516464621756, 0.039723966158170886]}