{"L": 64, "temps": [1.6, 1.7333333333333334, 1.8666666666666667, 2.0, 2.02, 2.0452631578947367, 2.0705263157894738, 2.0957894736842104, 2.1210526315789475, 2.146315789473684, 2.1715789473684213, 2.196842105263158, 2.2221052631578946, 2.2473684210526317, 2.2726315789473683, 2.2978947368421054, 2.323157894736842, 2.348421052631579, 2.373684210526316, 2.3989473684210525, 2.4242105263157896, 2.4494736842105262, 2.4747368421052633, 2.5, 2.6, 2.8000000000000003, 3.0, 3.2], "mean_M": [0.9796417643229167, 0.9659772135416667, 0.94561279296875, 0.91185693359375, 0.90484521484375, 0.8936414388020834, 0.8841824544270833, 0.87188525390625, 0.8570819385548963, 0.8382446370933937, 0.8235260416666667, 0.7980102498331665, 0.7361826970820656, 0.6858509147631133, 0.5201239425144838, 0.48275694093360294, 0.3040198359929078, 0.27868350829216654, 0.22722872823698445, 0.1598492790670956, 0.118077585753367, 0.11451311190702909, 0.11381345682067048, 0.09604564818923259, 0.07535413516465053, 0.05274788411458333, 0.04332405598958333, 0.034970052083333335], "mean_M_err": [9.76748136920124e-05, 0.00015040836264062045, 0.00023136979734546685, 0.0005285230979600884, 0.0005333363047264353, 0.0006591138702994169, 0.0008249462302405207, 0.000868689337344528, 0.0012906903645967438, 0.0016692255524647156, 0.0015962360370091763, 0.0032523874197212983, 0.007611545762824734, 0.027591409655486305, 0.03915029045585504, 0.03369271854355359, 0.05618467829375385, 0.029269131495771535, 0.020571585756870753, 0.0122861644247012, 0.00970216793890409, 0.009408402928724687, 0.006372120738612472, 0.005209791920286145, 0.003366295909743333, 0.0014926991625446497, 0.0010284253614709173, 0.0007828839095579361], "cv": [0.26183139377170145, 0.3752653909717084, 0.5229518176020408, 0.6929731118706598, 0.7586026797779561, 0.8028458788755719, 0.8690659096363289, 0.9013022429696815, 1.037446356873801, 1.0954891998772414, 1.1362982962950907, 1.265408318487136, 1.497521578255796, 1.9572681949567137, 2.109001782018277, 1.9878354043180348, 1.760053959052239, 1.3498150669778546, 1.3027712501789943, 1.0358047078670045, 1.0159312846143795, 0.9067244497283771, 0.920225040920229, 0.905279714687162, 0.7580176023137885, 0.5029084281108276, 0.4065423321277007, 0.3256485288831923], "cv_err": [0.0073997031427694236, 0.009586328019955776, 0.014897831054589505, 0.024012769491927606, 0.02881812668682941, 0.02593364541378757, 0.031578796975348745, 0.032252385736598534, 0.043108503346166345, 0.044603056293433765, 0.04820349916775569, 0.068341110041142, 0.09976147461279017, 0.27232014438942936, 0.1560786695635727, 0.2573911437528095, 0.19000542587229563, 0.14161883414004586, 0.09003619935438088, 0.03757568460411782, 0.0437009205687605, 0.036890317668233745, 0.03904944905505719, 0.038440852722416194, 0.02886014136013318, 0.014331847982127645, 0.012243882182808183, 0.009111252130585504], "chi": [0.043607478773139974, 0.08061452724361445, 0.15860845511310473, 0.36504087451180567, 0.4114195952259179, 0.5265307669093653, 0.6543493552609566, 0.7458325932106664, 1.1545826146685763, 1.5618415573901971, 1.7220504068037843, 3.137106427487691, 8.803613396924375, 26.458217838907967, 58.446897293516216, 50.17797914595944, 79.10461668067245, 37.852674553418474, 34.38190599976445, 18.729245247928, 14.174038611388255, 12.058230221568142, 9.489163662440824, 8.398539370649386, 4.926578990571526, 2.2762884467618423, 1.4202858619429979, 0.9103529616970485], "chi_err": [0.0016516693392817292, 0.0025217097649664418, 0.005247383214605974, 0.017776269022275894, 0.021430417240286815, 0.025865574900908125, 0.045360758854745845, 0.03815557313505385, 0.08991163309126152, 0.14491771292354297, 0.1209135398640061, 0.565521678539183, 1.9277935632173926, 13.872053745717528, 14.01392311926809, 5.946726586840179, 9.28584933234897, 7.748777364486005, 4.052347160903133, 2.296720633397497, 1.5878070603500738, 2.0887972235835095, 0.8015459231412891, 0.928016626196513, 0.39046849246000537, 0.12271786356038214, 0.071519863588967, 0.043555440785606664]}