{"L": 160, "temps": [1.6, 1.7333333333333334, 1.8666666666666667, 2.0, 2.02, 2.0452631578947367, 2.0705263157894738, 2.0957894736842104, 2.1210526315789475, 2.146315789473684, 2.1715789473684213, 2.196842105263158, 2.2221052631578946, 2.2473684210526317, 2.2726315789473683, 2.2978947368421054, 2.323157894736842, 2.348421052631579, 2.373684210526316, 2.3989473684210525, 2.4242105263157896, 2.4494736842105262, 2.4747368421052633, 2.5, 2.6, 2.8000000000000003, 3.0, 3.2], "mean_M": [0.9796447135416666, 0.966118515625, 0.945175, 0.9114204947916668, 0.9043098437499999, 0.8951040885416667, 0.8842727604166667, 0.8707986372573627, 0.855481328125, 0.8396031920690811, 0.818855476609658, 0.7898302566364248, 0.7513974116161616, 0.7045553152901786, 0.5907314259472379, 0.18245879766380238, 0.26154236440752465, 0.10646741447632424, 0.0798195124246988, 0.0793804474914966, 0.04422145938552188, 0.042405103744083836, 0.043912037037037034, 0.04034353813559322, 0.028374921613712373, 0.020564661458333335, 0.01704203125, 0.014944322916666666], "mean_M_err": [4.0977319444213456e-05, 6.37105072071084e-05, 0.00011575695450488738, 0.00021464857203200283, 0.00023703139377350937, 0.00029446107039768425, 0.00034354297304873947, 0.00048034987144153865, 0.0004916328564705194, 0.0006836822121135496, 0.0008987765685482902, 0.001252570261569727, 0.002488461857546225, 0.005486226614759407, 0.015472174517500359, 0.03452675894142429, 0.02730790338017814, 0.016245062998099257, 0.009750823105372668, 0.007246611287692819, 0.003533121806161649, 0.002614034982834072, 0.002547985601434397, 0.002383966696800585, 0.0012528335605068133, 0.0006222751928671075, 0.0004473540536121243, 0.00032878896173325884], "cv": [0.25771770008680556, 0.3833184249260354, 0.5194276415816328, 0.7519426037326389, 0.7716439286317245, 0.8657450656122653, 0.8160810695999038, 0.9521053266957296, 1.0082111273317755, 1.0997317752244737, 1.2662825587286908, 1.3531807940628306, 1.7213033420821222, 1.7706285798222998, 1.9322472869633536, 1.5388316358077834, 1.6704861175567094, 1.2499478781679263, 1.190367478184286, 1.0190913492802571, 0.9657186002206306, 0.9005572759181572, 0.8337056256603685, 0.9038632254639475, 0.6933631217014602, 0.530290508423682, 0.3712377221527777, 0.33638592512342663], "cv_err": [0.007565771227983677, 0.010700954653887457, 0.015015016197848575, 0.02429276715375912, 0.024440567655681363, 0.029273580878876698, 0.023884261078317887, 0.033881631890602455, 0.041757089596785084, 0.04050023004142037, 0.051665863326939405, 0.06506970810890758, 0.11389287845476977, 0.10548913706184748, 0.14158523366545117, 0.12587959802310933, 0.27061232099381927, 0.06508700428023637, 0.06335034650594626, 0.0520738234210253, 0.043326440647338, 0.03965034012536647, 0.027754936995972403, 0.03473459814175567, 0.026293029491913308, 0.016469491293515676, 0.009275200266120285, 0.008781693860110226], "chi": [0.04263916613708716, 0.08469331529475031, 0.16564149553721236, 0.39236065790755675, 0.4530334501875343, 0.5729716954150895, 0.6826484961725556, 0.9837527073833705, 1.172939797227673, 1.5848032154561702, 2.3473829416701135, 3.0875170074465648, 7.496735521180196, 15.460691919483613, 41.310721893896286, 141.63392618933366, 142.302196755544, 51.680174431167664, 31.750074775643014, 32.18516887941878, 14.415617140716872, 10.153377186994842, 11.4499526061263, 8.770072889370866, 4.559691692600937, 2.2130951916604658, 1.5062141817361112, 1.0301605195095487], "chi_err": [0.0012483608431960336, 0.002708001294307968, 0.0057810913646689135, 0.017686621887413146, 0.02589627267723508, 0.03081209275393316, 0.043228953814237324, 0.0883492614555014, 0.06658365797669381, 0.15126994714315536, 0.1595521118291612, 0.24413232547175373, 0.8076422471845504, 4.587659190205527, 5.97003884414365, 34.84514415149229, 36.045984374113345, 7.5271640717698345, 4.713561886112575, 8.230108920323103, 3.196825453424238, 0.9576259329212439, 1.2478398996905897, 0.9965172997814369, 0.3488804298114762, 0.14069325849341302, 0.10493031793682864, 0.04736767435337994]}