{"L": 48, "temps": [1.6, 1.7333333333333334, 1.8666666666666667, 2.0, 2.02, 2.0452631578947367, 2.0705263157894738, 2.0957894736842104, 2.1210526315789475, 2.146315789473684, 2.1715789473684213, 2.196842105263158, 2.2221052631578946, 2.2473684210526317, 2.2726315789473683, 2.2978947368421054, 2.323157894736842, 2.348421052631579, 2.373684210526316, 2.3989473684210525, 2.4242105263157896, 2.4494736842105262, 2.4747368421052633, 2.5, 2.6, 2.8000000000000003, 3.0, 3.2], "mean_M": [0.9797436342592591, 0.9662994791666666, 0.9452508680555556, 0.9121380208333333, 0.9047358217592593, 0.8947731481481481, 0.8855101273148148, 0.8709176438094177, 0.8530185931899641, 0.8412216435185185, 0.8185314693473715, 0.7848649042950514, 0.7626910302861389, 0.7113295250896058, 0.6195494114460205, 0.5343597766376451, 0.4560970539754994, 0.3586814597800926, 0.24186891770597127, 0.2125733838130299, 0.1790452847805789, 0.15403541428025966, 0.1591210596260362, 0.13081778799295246, 0.09806655092592592, 0.07109519675925927, 0.05721527777777778, 0.0507025462962963], "mean_M_err": [0.00013264393627958446, 0.0001962859583122494, 0.00035418555844766796, 0.000702114141481483, 0.0008098749789896571, 0.0008815492224446423, 0.0008824295063083812, 0.0015832258893609039, 0.002936667417817897, 0.0017637118218675907, 0.0035949392898766016, 0.0050058805008008096, 0.004098646295396197, 0.01141125926033021, 0.02503825595839431, 0.038165669212837997, 0.033621219462881304, 0.03667842957636698, 0.0382369873114907, 0.018084813255104443, 0.011602684978677835, 0.011535608232889665, 0.009722864442022727, 0.006814819709991025, 0.0040052053191239785, 0.0022716731615411985, 0.001411046564754333, 0.0010638889731694437], "cv": [0.26668984374999993, 0.3393356591058514, 0.5077041338931405, 0.7058969066358025, 0.7399198515320454, 0.7950811349700393, 0.8042622446236258, 0.9414773017852924, 1.0845799911015508, 1.0974899881131976, 1.2916642443170925, 1.448206581342691, 1.472530218076579, 1.7431501846450463, 1.8685958701947791, 2.1213088788263126, 1.7970270256417606, 1.7921232858913239, 1.3268088076039217, 1.2595011016849647, 1.0396397590638031, 0.901576468443849, 0.8999949600256717, 0.8769524577076164, 0.6860951721044268, 0.4905226472938711, 0.40279763340192043, 0.32664860561041187], "cv_err": [0.007788913119799524, 0.01039478200290138, 0.016521701419206038, 0.022910594325965913, 0.02920754853447295, 0.027607206065340423, 0.029441673787584176, 0.045454631660967526, 0.047877030235240724, 0.04558812307642208, 0.07247898325587057, 0.09779398803665486, 0.07811717237806688, 0.09729608859993341, 0.15270946618024397, 0.17437445346777847, 0.11788333273341657, 0.09777340188152885, 0.19900159009365925, 0.10139053615042602, 0.06006854251638979, 0.03256273289156948, 0.03438317769697714, 0.03198193193352984, 0.022145739810055506, 0.0141658791055138, 0.011538652529453483, 0.00940721351726593], "chi": [0.04377917197163899, 0.0744808403448051, 0.1603372634547538, 0.3699761958915688, 0.46405187238331347, 0.5340221732972192, 0.5655366241136771, 0.9886003666560715, 1.734184107930309, 1.2415615017385406, 2.5591201096515146, 4.026598450601867, 3.888143705819566, 9.219651965005763, 22.32855892008249, 39.75107899261014, 37.00462074440183, 42.447367800354634, 27.452672189603035, 23.038632055366335, 13.394483248826425, 11.560627044098332, 11.650498359488562, 7.446344079657521, 4.499768019646248, 2.565798609388778, 1.379997447530864, 0.9837694116512345], "chi_err": [0.001395300094980967, 0.002637079521664099, 0.007544590564472046, 0.021339063741586485, 0.03765479384664397, 0.033961914062235435, 0.03732936362677756, 0.13617022834791614, 0.46675446793998715, 0.09489701116591821, 0.4616927013865892, 0.733052031506425, 0.5130164179930023, 2.110966341917101, 7.55818875207058, 8.944103081121277, 7.277895150862309, 3.742889702319305, 7.435782415057544, 3.4002037946521386, 1.6081403189498904, 1.5158470743816688, 1.080181793824604, 0.6451145505098828, 0.3144635065858433, 0.19510540425498377, 0.06570582094796028, 0.04611530147932655]}