{"L": 128, "temps": [1.6, 1.7333333333333334, 1.8666666666666667, 2.0, 2.02, 2.0452631578947367, 2.0705263157894738, 2.0957894736842104, 2.1210526315789475, 2.146315789473684, 2.1715789473684213, 2.196842105263158, 2.2221052631578946, 2.2473684210526317, 2.2726315789473683, 2.2978947368421054, 2.323157894736842, 2.348421052631579, 2.373684210526316, 2.3989473684210525, 2.4242105263157896, 2.4494736842105262, 2.4747368421052633, 2.5, 2.6, 2.8000000000000003, 3.0, 3.2], "mean_M": [0.9796512044270833, 0.9662316487630208, 0.9454025065104167, 0.9113585611979167, 0.9043087972005208, 0.8948253987630208, 0.8835016682942708, 0.8710836588541667, 0.8562821026946327, 0.838943655422116, 0.8158636881510417, 0.7928896265765953, 0.7533058516098804, 0.6755764231962316, 0.5235995503880033, 0.3706670104220695, 0.11268550514155982, 0.1396456077673636, 0.08855452864137414, 0.08242221850602693, 0.06181730738422762, 0.06578124169589711, 0.054530400101856516, 0.05033727998755855, 0.039795694986979165, 0.0261328125, 0.020821207682291665, 0.017992635091145834], "mean_M_err": [4.757969951362929e-05, 7.48381760948642e-05, 0.00011761460448171599, 0.00025545123272214686, 0.00034021700494442386, 0.0003254167573645053, 0.00042107735838424075, 0.0005105088441873873, 0.0006969546788585934, 0.000862600162255308, 0.0013139238501877618, 0.0018560541852781017, 0.0032425779147258814, 0.021744261142588598, 0.013309350089831404, 0.047618496321207245, 0.022336918081929148, 0.04271453363509733, 0.009255998262177127, 0.006334595699476162, 0.005826983006288001, 0.004702936254884588, 0.0032711882889478188, 0.002898647428042036, 0.001590358596654127, 0.0008236492065464128, 0.0005669428487519774, 0.0003899816205188758], "cv": [0.2650895548502604, 0.380102669656065, 0.49651165397799735, 0.7097623860405815, 0.8108629804812163, 0.8239094613493421, 0.9108583111492891, 0.9403836070584936, 1.0014528623328802, 1.0630298532389943, 1.3477043780162552, 1.3827775854523665, 1.4501534355410204, 1.929660062720425, 1.7321242437385274, 1.8674835547367252, 1.5370768803374293, 1.4072597959745936, 1.121545625024617, 1.132207923388452, 1.0646704030459937, 0.8879616117102352, 0.9621598074019194, 0.7892751960783272, 0.7046360982700526, 0.502408404416454, 0.39558323253038186, 0.3091686739497715], "cv_err": [0.007426038571242902, 0.010798886828266172, 0.014478558968740384, 0.02360834508480975, 0.02993861067537628, 0.027849158467063366, 0.03412838715620654, 0.04053701382663666, 0.04071491647100523, 0.041613975490508895, 0.06362694330180631, 0.06464393760204762, 0.07510378362019754, 0.31602759086767684, 0.16625562026316834, 0.18541421232602356, 0.13784657421614474, 0.059488603648240795, 0.06412768096004237, 0.061330617116370084, 0.04322951204319387, 0.04868671137632434, 0.04917974158525127, 0.03213102921419988, 0.02689347464904289, 0.014278500042755963, 0.010662841128358927, 0.008769331742222398], "chi": [0.04421036675466894, 0.08297077071767069, 0.1533269835840656, 0.3835146443143458, 0.47944490574676335, 0.521235339989187, 0.7025908167748712, 0.8948364410562094, 1.220874829189193, 1.5817362038844014, 2.6864706951533934, 3.531364280129046, 6.61701637463813, 32.168634296491945, 38.580705347419126, 160.75713331707152, 69.31113084333244, 71.696967347025, 23.479203000497492, 20.348349273329536, 15.841458789038361, 15.328426473021635, 10.678889357202715, 8.513215617013065, 5.095786285546458, 2.4464213285900294, 1.4783588975332758, 0.9168670996008976], "chi_err": [0.001310991879979322, 0.002388711818413336, 0.005276121226623465, 0.015354337891954286, 0.02877974662521899, 0.02428091821175094, 0.03358745602193245, 0.05661234410090206, 0.09327518020235785, 0.14596987854230506, 0.26619220491589785, 0.3368265093885496, 0.8740790394554278, 16.953335790287642, 11.459468170070926, 37.38464281955519, 26.27356859113841, 35.65444822401865, 3.9792242434300538, 2.1255448797154446, 3.4703195678182293, 1.8228114448173058, 1.1972791035990993, 0.9261703354893158, 0.40129418392686306, 0.17242412183790462, 0.07852058491097894, 0.037430078392248885]}