{"L": 16, "temps": [1.6, 1.7333333333333334, 1.8666666666666667, 2.0, 2.02, 2.0452631578947367, 2.0705263157894738, 2.0957894736842104, 2.1210526315789475, 2.146315789473684, 2.1715789473684213, 2.196842105263158, 2.2221052631578946, 2.2473684210526317, 2.2726315789473683, 2.2978947368421054, 2.323157894736842, 2.348421052631579, 2.373684210526316, 2.3989473684210525, 2.4242105263157896, 2.4494736842105262, 2.4747368421052633, 2.5, 2.6, 2.8000000000000003, 3.0, 3.2], "mean_M": [0.9797578125, 0.9661484375, 0.9448776041666667, 0.9064505208333333, 0.9090052083333333, 0.8951744791666667, 0.8814739583333333, 0.8735146893712575, 0.8545208333333333, 0.8357089588144727, 0.8120407965970611, 0.7824652777777777, 0.7664131030701754, 0.7122471098265896, 0.7297295875420875, 0.6745945411392406, 0.6142557989690721, 0.5953860294117647, 0.563158722241499, 0.517907631802721, 0.5320561974789916, 0.46318359375, 0.4147161458333333, 0.3996188256048387, 0.3071015625, 0.21023958333333334, 0.1763671875, 0.14959635416666667], "mean_M_err": [0.0003822458994410859, 0.0006476592147924908, 0.0010977792392501532, 0.0026782049464164847, 0.0018989604926016894, 0.002493862307303701, 0.002735224253935576, 0.006576690369261506, 0.003990977682305105, 0.006449519971743449, 0.006466210055968209, 0.01570642142449441, 0.011684458331619416, 0.021469002143871804, 0.010473969668799456, 0.012062147911463478, 0.01294959642822896, 0.015304952091593878, 0.015671949263383472, 0.018209283643196794, 0.016293607057880456, 0.017169471176645596, 0.014333821778893223, 0.012855706798560579, 0.010138564093332296, 0.005227818242595097, 0.0042749637828757535, 0.0030615114212973996], "cv": [0.25185703125000003, 0.3601816175110946, 0.5219698341836735, 0.8207734999999999, 0.6915603045453058, 0.8532197576570446, 0.8990598891445908, 0.9388978204168182, 1.0028294636620436, 1.14602177129446, 1.2882700785828047, 1.3464536113502008, 1.3909137654387365, 1.5486714981129206, 1.3906540929019817, 1.4473583964528263, 1.5926517991531148, 1.5545107986136928, 1.365328713156796, 1.4566710831742935, 1.3024335177557793, 1.2642515668956715, 1.144266372899331, 1.0669768802300124, 0.7929830867850098, 0.5097412406108277, 0.40773939506172835, 0.33097420179578996], "cv_err": [0.008367556946920584, 0.014323979197650018, 0.02427673999490145, 0.03961202292496316, 0.03217522569016903, 0.04100950313837391, 0.03418650554328576, 0.062211730605828075, 0.04474389672305847, 0.07666511559509616, 0.0941666155176263, 0.10422961227443099, 0.0800395173422747, 0.09136389400909187, 0.06354429981459088, 0.05725577743665337, 0.05869089600129218, 0.04975023236675035, 0.053508507570947036, 0.05349753533355343, 0.031091102335970143, 0.05694541033744751, 0.04453783927607605, 0.04791079389033658, 0.03293441282711897, 0.015660803295310444, 0.011766330501911072, 0.00959040371599182], "chi": [0.04179413085935835, 0.07754907752402464, 0.16378823567708573, 0.5233776657986198, 0.35023431999449445, 0.5317206544951167, 0.595621340486088, 0.9319524724748949, 0.9527498007995732, 1.63673086819204, 2.217751731527505, 3.100946539586144, 2.6645475118929514, 4.470126680648449, 3.428991401281415, 4.917512576905972, 5.632691883090054, 5.4465088705348, 5.19338479824941, 6.191987370323666, 5.398814967508296, 6.024141995662784, 5.576291559627405, 5.329376586956406, 3.865598070913463, 1.9593565079365078, 1.3711026475694448, 0.9875699734157986], "chi_err": [0.002328135662251844, 0.0055138196472223205, 0.019122027379243435, 0.08614115961304006, 0.04625311881873977, 0.06783525858494847, 0.04957013957344823, 0.2609381278711754, 0.14438617771899445, 0.4570848963739116, 0.5187353216540669, 0.8745062417799803, 0.40822824571056904, 0.9111057387445813, 0.43649227924340805, 0.39975037965942306, 0.48138195458371336, 0.4727765875304118, 0.3436815925154278, 0.3458824804385575, 0.31156299095499973, 0.22667078111618844, 0.216793526461259, 0.2173806118398172, 0.17950193313487176, 0.0794709976085244, 0.0600641867381556, 0.045854705687851584]}