{"L": 24, "temps": [1.6, 1.7333333333333334, 1.8666666666666667, 2.0, 2.02, 2.0452631578947367, 2.0705263157894738, 2.0957894736842104, 2.1210526315789475, 2.146315789473684, 2.1715789473684213, 2.196842105263158, 2.2221052631578946, 2.2473684210526317, 2.2726315789473683, 2.2978947368421054, 2.323157894736842, 2.348421052631579, 2.373684210526316, 2.3989473684210525, 2.4242105263157896, 2.4494736842105262, 2.4747368421052633, 2.5, 2.6, 2.8000000000000003, 3.0, 3.2], "mean_M": [0.9799085648148148, 0.9653148148148148, 0.9452268518518517, 0.9108506944444444, 0.9058969907407407, 0.8945023148148148, 0.884642361111111, 0.8456594863375604, 0.8635173611111111, 0.8493576388888889, 0.8130380317566562, 0.7739102219835303, 0.7834646769505924, 0.736794381122658, 0.6532582110412299, 0.638636815496478, 0.5107382550335571, 0.4551748511904761, 0.39683433433433435, 0.4245335648148148, 0.32180503906543456, 0.34611391694725024, 0.3197144279167606, 0.2518853853016616, 0.20557291666666666, 0.1329224537037037, 0.11883564814814813, 0.10108912037037038], "mean_M_err": [0.00025100469459278285, 0.0004655799152433123, 0.0005989649656374643, 0.0013578206093301751, 0.0012206810561346474, 0.0018175770821881009, 0.0020284133064778715, 0.02154038414923911, 0.0023480250174688945, 0.0028209265811105525, 0.009038162694533574, 0.021642095574097277, 0.005124468061530561, 0.007770962429334842, 0.02212398884242811, 0.020758993868715367, 0.02282070583021654, 0.028673842394702616, 0.02722596517895988, 0.02244119252501953, 0.01573385429713753, 0.01944561432478846, 0.014160865883409514, 0.011339007143710741, 0.0066887175013345245, 0.003966471422470349, 0.00294254863482323, 0.0023209913163001797], "cv": [0.2558745068962191, 0.37945031126725826, 0.5004105406746031, 0.7333461080246915, 0.6949187980541729, 0.8317895447994309, 0.8403819611754622, 1.295400469042133, 0.9334458699549807, 1.0394396385846634, 1.249711301524341, 1.5647649837489876, 1.2116275475187324, 1.5773370408518064, 1.8585447661355863, 1.5919024629128495, 1.6979362765256474, 1.582111874573984, 1.4496380684620491, 1.4112848679439935, 1.0310753873536505, 1.0840115341250698, 1.1142423383984528, 0.8374249389876556, 0.6816852947622177, 0.5230824436255983, 0.4067650449245541, 0.32179441068672837], "cv_err": [0.007291225976873678, 0.014001241274366602, 0.01317254854017767, 0.026062822290020524, 0.02344214654376115, 0.03673024720962388, 0.03868544915365592, 0.29260895265131, 0.03916800681882422, 0.0413045438784788, 0.09878355882441109, 0.20236839816789912, 0.05198456696735013, 0.0808157381348075, 0.11048318972769189, 0.09951958197313263, 0.10043953191542876, 0.13578440505643669, 0.09189629138452167, 0.07094152829748099, 0.049885955830789454, 0.060303430311349444, 0.05505762553666646, 0.03944670503143314, 0.029243299498957404, 0.016236258427256442, 0.01209985594834635, 0.008757539073524372], "chi": [0.04145549720293376, 0.08704815527059905, 0.1451037632275421, 0.36767607060184876, 0.3480472951809468, 0.5531742727136697, 0.6281009602303927, 5.2769397853575635, 0.7931839219166269, 0.9448515620742675, 3.0852771801767447, 6.004579099254829, 2.2039335404310316, 4.264254440103006, 9.850406143318878, 7.709668070692519, 14.397094843495791, 12.740680153417125, 13.621330714155249, 11.250263476999468, 9.193256282885116, 9.745973695233523, 8.960143166244388, 6.616045616948029, 4.196950609864672, 2.1327703304122574, 1.4283677273662552, 0.993363888647762], "chi_err": [0.0015999436116948347, 0.0070150173314822845, 0.006993198037152046, 0.02639947624224155, 0.019496444702392975, 0.056236964317960256, 0.07711497119362479, 3.9599700531431594, 0.06743344586760835, 0.09859481731354779, 1.10069252877503, 2.2318803672204113, 0.29128696152779093, 0.4980780768034899, 1.805267056877093, 1.4801712089657055, 1.2066343437841451, 1.4368031191335235, 0.7794831641861834, 0.5999301068059124, 0.6153323234098222, 0.5529537868171736, 0.506981221514286, 0.4356875102589502, 0.25425399047649344, 0.13273715878126668, 0.07069180899793838, 0.044236004704557845]}