{"L": 96, "temps": [1.6, 1.7333333333333334, 1.8666666666666667, 2.0, 2.02, 2.0452631578947367, 2.0705263157894738, 2.0957894736842104, 2.1210526315789475, 2.146315789473684, 2.1715789473684213, 2.196842105263158, 2.2221052631578946, 2.2473684210526317, 2.2726315789473683, 2.2978947368421054, 2.323157894736842, 2.348421052631579, 2.373684210526316, 2.3989473684210525, 2.4242105263157896, 2.4494736842105262, 2.4747368421052633, 2.5, 2.6, 2.8000000000000003, 3.0, 3.2], "mean_M": [0.9796358506944445, 0.9657831307870369, 0.945294632523148, 0.9102965856481481, 0.9038413628472222, 0.8952782118055556, 0.8825828269675926, 0.8711167534722223, 0.8558310688405797, 0.7965683243347655, 0.8168943493134734, 0.779358878968254, 0.7369301327019346, 0.6938838741084834, 0.6355317651544652, 0.24873604480131173, 0.21698911418192035, 0.15358837940752587, 0.12808597866794638, 0.08081630766035693, 0.07792939324387947, 0.07297670424726346, 0.08810105827905063, 0.05876543177640375, 0.04936357060185185, 0.03519046585648148, 0.028130859375, 0.024153645833333334], "mean_M_err": [6.866707309465049e-05, 0.0002734589539778045, 0.00017346655607634127, 0.00038851287241731275, 0.00043379790728530334, 0.0004492957011349499, 0.0006070057267899675, 0.0006603054988230454, 0.0010141882421057227, 0.03811999502806587, 0.0015455899488222983, 0.006119239968826012, 0.008949496251816146, 0.007300823676113866, 0.01124140313427907, 0.026268287836685472, 0.039327838286676416, 0.01987675927660468, 0.011580934205290518, 0.007003731831027159, 0.00559745374816617, 0.0038913021149738765, 0.00658540374478788, 0.0032011766194304943, 0.0020722110039688457, 0.001089390157228829, 0.0006893694075800653, 0.0005364775537833443], "cv": [0.26494608289930555, 0.3873606228940663, 0.5325189756501559, 0.7441313308256174, 0.7653812716255125, 0.7788125398282333, 0.9313285474361334, 0.9447821807270783, 1.0685181210411219, 1.7947145065851788, 1.3698682158913347, 1.5443546855910106, 1.6705078927962942, 1.8093049668552885, 1.8276698989928342, 1.6884690846821124, 1.3879938249648303, 1.4889397884025461, 1.2735530613321755, 1.0949905050394577, 1.0292424356850634, 0.9165252871625973, 0.8853852322563812, 0.8476801585769621, 0.6991618612572137, 0.5252152788603867, 0.38729642352537713, 0.3234544123143326], "cv_err": [0.007133734624331927, 0.012539924191778252, 0.017147762479889358, 0.02433879533728232, 0.028205730334989024, 0.026096657537053394, 0.03753023220464535, 0.03580415367790644, 0.04742855621550491, 0.6093615922773991, 0.06767116676441275, 0.12354483835573736, 0.1162190400101755, 0.1089087452347821, 0.11583596722095946, 0.09330609933175495, 0.11448468561853598, 0.037113124480443155, 0.05257828869401321, 0.04258167664067208, 0.045335360467316864, 0.04310939472078742, 0.037237335350047134, 0.03350580477315605, 0.02111102039736284, 0.016321525792927682, 0.010258409439968752, 0.009326546911450422], "chi": [0.04326255678481377, 0.1693941919308063, 0.1677155152278179, 0.4285640528550074, 0.49280384787825415, 0.5139498056150671, 0.7671524123796845, 0.8648657004403911, 1.2176758934634284, 71.47553728615067, 2.5466585734059652, 6.815182038956854, 13.317818192279267, 13.766543039053063, 21.206657302577643, 71.73852982156554, 80.69404164807641, 52.31751524212832, 31.530567720042086, 15.923102257997463, 11.572502713586209, 10.410642078679526, 13.26044422637792, 7.652598041740707, 4.627943531799027, 2.4118916596223268, 1.3888027398244591, 0.9544450774016204], "chi_err": [0.0012327213058745791, 0.08543459970419286, 0.0058778850922340834, 0.019426403382690322, 0.029862875746671434, 0.03775475210744134, 0.054478120554881965, 0.05698011721182682, 0.1116789588714319, 67.11097951433702, 0.24572339655106853, 1.8671480535272573, 3.5069555461521436, 1.7192660844301006, 3.8169217296996822, 11.964010716051233, 8.445596608660292, 13.019263412543005, 3.824595801344612, 2.5287435228240325, 1.28461479584012, 1.0280801120469043, 1.2663054167169427, 0.7887170614969513, 0.3856856967158565, 0.16844569412351293, 0.07010006632646201, 0.03970544112009965]}